n,establishment_id,business_name,address,city,zip,geocoded_lat,geocoded_lng,geocode_quality,satellite_link,address_search_link,verdict,true_lat,true_lng,cause,notes
1,"6019125|2010|2717 N FEDERAL HWY, DELRAY BEACH, 33483",ENIGMA BISTRO & WINE BAR,2717 N FEDERAL HWY,DELRAY BEACH,33483,26.489752706002,-80.063797865763,Exact/R,"https://www.google.com/maps/place/26.489752706002,-80.063797865763/@26.489752706002,-80.063797865763,20z/data=!3m1!1e3",https://www.google.com/maps/search/?api=1&query=2717%20N%20FEDERAL%20HWY%2C%20DELRAY%20BEACH%2C%20FL%2033483,,,,,
2,"6022646|2010|25 SE 6TH AVE, DELRAY BEACH, 33483",AMAR DELRAY,25 SE 6TH AVE,DELRAY BEACH,33483,26.461185001934,-80.066961271258,Exact/L,"https://www.google.com/maps/place/26.461185001934,-80.066961271258/@26.461185001934,-80.066961271258,20z/data=!3m1!1e3",https://www.google.com/maps/search/?api=1&query=25%20SE%206TH%20AVE%2C%20DELRAY%20BEACH%2C%20FL%2033483,,,,,
3,"6012617|2010|711 VILLAGE BLVD STE 108, WEST PALM BEACH, 33409",C R CHICKS VILLAGE LLC,711 VILLAGE BLVD STE 108,WEST PALM BEACH,33409,26.714119660496,-80.099580647614,Exact/R,"https://www.google.com/maps/place/26.714119660496,-80.099580647614/@26.714119660496,-80.099580647614,20z/data=!3m1!1e3",https://www.google.com/maps/search/?api=1&query=711%20VILLAGE%20BLVD%20STE%20108%2C%20WEST%20PALM%20BEACH%2C%20FL%2033409,,,,,
4,"6021142|2010|6304 FOREST HILL BLVD, GREENACRES, 33415",SUBWAY,6304 FOREST HILL BLVD,GREENACRES,33415,26.651329608257,-80.142514847556,Exact/R,"https://www.google.com/maps/place/26.651329608257,-80.142514847556/@26.651329608257,-80.142514847556,20z/data=!3m1!1e3",https://www.google.com/maps/search/?api=1&query=6304%20FOREST%20HILL%20BLVD%2C%20GREENACRES%2C%20FL%2033415,,,,,
5,"6012043|2010|5615 S DIXIE RD, WEST PALM BEACH, 33405",PIZZA D' ROMA,5615 S DIXIE RD,WEST PALM BEACH,33405,26.663412615242,-80.055696619569,Non_Exact/R,"https://www.google.com/maps/place/26.663412615242,-80.055696619569/@26.663412615242,-80.055696619569,20z/data=!3m1!1e3",https://www.google.com/maps/search/?api=1&query=5615%20S%20DIXIE%20RD%2C%20WEST%20PALM%20BEACH%2C%20FL%2033405,,,,,
6,"6052936|2014|150 NW 16 ST, BOCA RATON, 33432",DESI BITES,150 NW 16 ST,BOCA RATON,33432,26.364549614415,-80.088537414391,Exact/L,"https://www.google.com/maps/place/26.364549614415,-80.088537414391/@26.364549614415,-80.088537414391,20z/data=!3m1!1e3",https://www.google.com/maps/search/?api=1&query=150%20NW%2016%20ST%2C%20BOCA%20RATON%2C%20FL%2033432,,,,,
7,"6020740|2010|13860 WELLINGTON TR STE 43, WELLINGTON, 33414",WHIT'S FROZEN CUSTARD,13860 WELLINGTON TR STE 43,WELLINGTON,33414,26.662342043077,-80.266553145196,Non_Exact/R,"https://www.google.com/maps/place/26.662342043077,-80.266553145196/@26.662342043077,-80.266553145196,20z/data=!3m1!1e3",https://www.google.com/maps/search/?api=1&query=13860%20WELLINGTON%20TR%20STE%2043%2C%20WELLINGTON%2C%20FL%2033414,,,,,
8,"6021739|2010|5444 HAVERHILL ROAD, WEST PALM BEACH, 33407",PSC CONCESSION STAND 4 ( WEST PALM BEACH GRILLE),5444 HAVERHILL ROAD,WEST PALM BEACH,33407,26.756646267749,-80.117039585926,Exact/R,"https://www.google.com/maps/place/26.756646267749,-80.117039585926/@26.756646267749,-80.117039585926,20z/data=!3m1!1e3",https://www.google.com/maps/search/?api=1&query=5444%20HAVERHILL%20ROAD%2C%20WEST%20PALM%20BEACH%2C%20FL%2033407,,,,,
9,"6013524|2015|8125 LAKE WORTH RD, WELLINGTON, 33467",ACUITY VENDING LLC,8125  LAKE WORTH RD,WELLINGTON,33467,26.617478413799,-80.174264168656,Exact/L,"https://www.google.com/maps/place/26.617478413799,-80.174264168656/@26.617478413799,-80.174264168656,20z/data=!3m1!1e3",https://www.google.com/maps/search/?api=1&query=8125%20%20LAKE%20WORTH%20RD%2C%20WELLINGTON%2C%20FL%2033467,,,,,
10,"6010729|2010|4331 LAKE WORTH RD, LAKE WORTH, 33461",POLLO TROPICAL #17,4331 LAKE WORTH RD,LAKE WORTH,33461-3928,26.618410536686,-80.111308332959,Exact/R,"https://www.google.com/maps/place/26.618410536686,-80.111308332959/@26.618410536686,-80.111308332959,20z/data=!3m1!1e3",https://www.google.com/maps/search/?api=1&query=4331%20LAKE%20WORTH%20RD%2C%20LAKE%20WORTH%2C%20FL%2033461,,,,,
11,"6013542|2010|2118 OKEECHOBEE BLVD, WEST PALM BEACH, 33409",ANITA'S MEXICAN GRILL,2118 OKEECHOBEE BLVD,WEST PALM BEACH,33409,26.706267144467,-80.083846622863,Exact/L,"https://www.google.com/maps/place/26.706267144467,-80.083846622863/@26.706267144467,-80.083846622863,20z/data=!3m1!1e3",https://www.google.com/maps/search/?api=1&query=2118%20OKEECHOBEE%20BLVD%2C%20WEST%20PALM%20BEACH%2C%20FL%2033409,,,,,
12,"6052904|2014|1025 N FLORIDA MANGO RD, WEST PALM BEACH, 33409",ZUCAR SWEETS,1025 N FLORIDA MANGO RD,WEST PALM BEACH,33409,26.704482852074,-80.078430705227,Exact/L,"https://www.google.com/maps/place/26.704482852074,-80.078430705227/@26.704482852074,-80.078430705227,20z/data=!3m1!1e3",https://www.google.com/maps/search/?api=1&query=1025%20N%20FLORIDA%20MANGO%20RD%2C%20WEST%20PALM%20BEACH%2C%20FL%2033409,,,,,
13,"6013837|2010|5751 N FEDERAL HWY, BOCA RATON, 33487",JOSEPHINE'S ITALIAN REST,5751 N FEDERAL HWY,BOCA RATON,33487,26.400508250879,-80.076301381348,Exact/L,"https://www.google.com/maps/place/26.400508250879,-80.076301381348/@26.400508250879,-80.076301381348,20z/data=!3m1!1e3",https://www.google.com/maps/search/?api=1&query=5751%20N%20FEDERAL%20HWY%2C%20BOCA%20RATON%2C%20FL%2033487,,,,,
14,"6012175|2010|12100 U S HIGHWAY1 STE F, NORTH PALM BEACH, 33408",THAI LOTUS RESTAURANT,"12100  U.S. HIGHWAY1, STE F",NORTH PALM BEACH,33408,26.853597888239,-80.057968369314,Non_Exact/L,"https://www.google.com/maps/place/26.853597888239,-80.057968369314/@26.853597888239,-80.057968369314,20z/data=!3m1!1e3",https://www.google.com/maps/search/?api=1&query=12100%20%20U.S.%20HIGHWAY1%2C%20STE%20F%2C%20NORTH%20PALM%20BEACH%2C%20FL%2033408,,,,,
15,"6050327|2014|2550 SW 14 TER 6, PAHOKEE, 33476",BERTHAS CAFETERIA,2550 SW 14 TER 6,PAHOKEE,33476,26.799912242822,-80.691794409125,Non_Exact/R,"https://www.google.com/maps/place/26.799912242822,-80.691794409125/@26.799912242822,-80.691794409125,20z/data=!3m1!1e3",https://www.google.com/maps/search/?api=1&query=2550%20SW%2014%20TER%206%2C%20PAHOKEE%2C%20FL%2033476,,,,,
16,"6020439|2010|8903 GLADES RD STE K1, BOCA RATON, 33434",ORIGINAL PANCAKE HOUSE,8903 GLADES RD STE K1,BOCA RATON,33434,26.367955459037,-80.185088079627,Exact/L,"https://www.google.com/maps/place/26.367955459037,-80.185088079627/@26.367955459037,-80.185088079627,20z/data=!3m1!1e3",https://www.google.com/maps/search/?api=1&query=8903%20GLADES%20RD%20STE%20K1%2C%20BOCA%20RATON%2C%20FL%2033434,,,,,
17,"6020891|2010|9 NE 2 AVE, DELRAY BEACH, 33444",BRENDY'S OF DELRAY,9 NE 2 AVE,DELRAY BEACH,33444,26.461839494659,-80.071024733883,Exact/R,"https://www.google.com/maps/place/26.461839494659,-80.071024733883/@26.461839494659,-80.071024733883,20z/data=!3m1!1e3",https://www.google.com/maps/search/?api=1&query=9%20NE%202%20AVE%2C%20DELRAY%20BEACH%2C%20FL%2033444,,,,,
18,"6021789|2010|4789 N CONGRESS AVE, BOYNTON BEACH, 33426",CHARLEYS CHEESESTEAKS WINGS,4789 N CONGRESS AVE,BOYNTON BEACH,33426,26.571827818733,-80.089778890733,Exact/R,"https://www.google.com/maps/place/26.571827818733,-80.089778890733/@26.571827818733,-80.089778890733,20z/data=!3m1!1e3",https://www.google.com/maps/search/?api=1&query=4789%20N%20CONGRESS%20AVE%2C%20BOYNTON%20BEACH%2C%20FL%2033426,,,,,
19,"6022003|2010|4095 HAVERHILL RD, WEST PALM BEACH, 33417",DUTCH POT JAMAICAN RESTAURANT,4095 HAVERHILL RD,WEST PALM BEACH,33417,26.737422866247,-80.118261068055,Exact/L,"https://www.google.com/maps/place/26.737422866247,-80.118261068055/@26.737422866247,-80.118261068055,20z/data=!3m1!1e3",https://www.google.com/maps/search/?api=1&query=4095%20HAVERHILL%20RD%2C%20WEST%20PALM%20BEACH%2C%20FL%2033417,,,,,
20,"6052491|2014|2140 S MILITARY TRAIL, WEST PALM BEACH, 33415",WAROS GRILL,2140 S MILITARY TRAIL,WEST PALM BEACH,33415,26.645711833888,-80.112309876174,Exact/L,"https://www.google.com/maps/place/26.645711833888,-80.112309876174/@26.645711833888,-80.112309876174,20z/data=!3m1!1e3",https://www.google.com/maps/search/?api=1&query=2140%20S%20MILITARY%20TRAIL%2C%20WEST%20PALM%20BEACH%2C%20FL%2033415,,,,,
21,"6021918|2010|3815 S DIXIE HWY, WEST PALM BEACH, 33405",TROPICAL SMOKEHOUSE,3815 S DIXIE HWY,WEST PALM BEACH,33405,26.677012762596,-80.054767061986,Exact/R,"https://www.google.com/maps/place/26.677012762596,-80.054767061986/@26.677012762596,-80.054767061986,20z/data=!3m1!1e3",https://www.google.com/maps/search/?api=1&query=3815%20S%20DIXIE%20HWY%2C%20WEST%20PALM%20BEACH%2C%20FL%2033405,,,,,
22,"6019934|2010|5969 W ATLANTIC AVE STE A3, DELRAY BEACH, 33484",AVELLINO'S ITALIAN RESTAURANT,5969 W ATLANTIC AVE STE A3,DELRAY BEACH,33484,26.454820015343,-80.138145983597,Exact/L,"https://www.google.com/maps/place/26.454820015343,-80.138145983597/@26.454820015343,-80.138145983597,20z/data=!3m1!1e3",https://www.google.com/maps/search/?api=1&query=5969%20W%20ATLANTIC%20AVE%20STE%20A3%2C%20DELRAY%20BEACH%2C%20FL%2033484,,,,,
23,"6022671|2010|9940 BELVEDERE RD STE F, ROYAL PALM BEACH, 33411",FLAME HIBACHI & MORE,9940 BELVEDERE RD STE F,ROYAL PALM BEACH,33411,26.691489928516,-80.19861110324,Non_Exact/L,"https://www.google.com/maps/place/26.691489928516,-80.19861110324/@26.691489928516,-80.19861110324,20z/data=!3m1!1e3",https://www.google.com/maps/search/?api=1&query=9940%20BELVEDERE%20RD%20STE%20F%2C%20ROYAL%20PALM%20BEACH%2C%20FL%2033411,,,,,
24,"6023235|2010|732 BELVEDERE RD, WEST PALM BEACH, 33405",FANCY FISH,732 BELVEDERE RD,WEST PALM BEACH,33405,26.690392036479,-80.059159745261,Exact/L,"https://www.google.com/maps/place/26.690392036479,-80.059159745261/@26.690392036479,-80.059159745261,20z/data=!3m1!1e3",https://www.google.com/maps/search/?api=1&query=732%20BELVEDERE%20RD%2C%20WEST%20PALM%20BEACH%2C%20FL%2033405,,,,,
25,"6021480|2010|13501 S SHORE BLVD 109, WELLINGTON, 33414",DUNKIN DONUTS,13501 S SHORE BLVD #109,WELLINGTON,33414,26.638665,-80.2638273,google:ROOFTOP,"https://www.google.com/maps/place/26.638665,-80.2638273/@26.638665,-80.2638273,20z/data=!3m1!1e3",https://www.google.com/maps/search/?api=1&query=13501%20S%20SHORE%20BLVD%20%23109%2C%20WELLINGTON%2C%20FL%2033414,,,,,
26,"6011919|2010|2154 ZIP CODE PL, WEST PALM BEACH, 33409",SPEARMINT RHINO GENTLEMEN'S CLUBS,2154 ZIP CODE PL,WEST PALM BEACH,33409,26.708224559673,-80.109401236896,Exact/R,"https://www.google.com/maps/place/26.708224559673,-80.109401236896/@26.708224559673,-80.109401236896,20z/data=!3m1!1e3",https://www.google.com/maps/search/?api=1&query=2154%20ZIP%20CODE%20PL%2C%20WEST%20PALM%20BEACH%2C%20FL%2033409,,,,,
27,"6010638|2010|450 W ATLANTIC AVE, DELRAY BEACH, 33444",CHECKERS 6282,450 W ATLANTIC AVE,DELRAY BEACH,33444,26.461562264227,-80.077681273663,Exact/L,"https://www.google.com/maps/place/26.461562264227,-80.077681273663/@26.461562264227,-80.077681273663,20z/data=!3m1!1e3",https://www.google.com/maps/search/?api=1&query=450%20W%20ATLANTIC%20AVE%2C%20DELRAY%20BEACH%2C%20FL%2033444,,,,,
28,"6020810|2010|7900 S DIXIE HWY, WEST PALM BEACH, 33405",DAIRY QUEEN,7900 S DIXIE HWY,WEST PALM BEACH,33405,26.646846056592,-80.056213545704,Exact/L,"https://www.google.com/maps/place/26.646846056592,-80.056213545704/@26.646846056592,-80.056213545704,20z/data=!3m1!1e3",https://www.google.com/maps/search/?api=1&query=7900%20S%20DIXIE%20HWY%2C%20WEST%20PALM%20BEACH%2C%20FL%2033405,,,,,
29,"6023125|2010|1137 S MILITARY TRL, DEERFIELD BEACH, 33442",JIMMY JOHNS GOURMET SANDWICHES,1137 S MILITARY TRL,DEERFIELD BEACH,33442,26.303005928641,-80.130434527958,Exact/L,"https://www.google.com/maps/place/26.303005928641,-80.130434527958/@26.303005928641,-80.130434527958,20z/data=!3m1!1e3",https://www.google.com/maps/search/?api=1&query=1137%20S%20MILITARY%20TRL%2C%20DEERFIELD%20BEACH%2C%20FL%2033442,,,,,
30,"6022718|2010|4957 W ATLANTIC AVE, DELRAY BEACH, 33445",SQUARE PEG PIZZERIA,4957 W ATLANTIC AVE,DELRAY BEACH,33445,26.457837780032,-80.121690138359,Exact/L,"https://www.google.com/maps/place/26.457837780032,-80.121690138359/@26.457837780032,-80.121690138359,20z/data=!3m1!1e3",https://www.google.com/maps/search/?api=1&query=4957%20W%20ATLANTIC%20AVE%2C%20DELRAY%20BEACH%2C%20FL%2033445,,,,,
31,"6021663|2010|100 EAST PALMETTO PARK ROAD, BOCA RATON, 33432",HYATT PLACE BOCA RATON,100 EAST PALMETTO PARK ROAD,BOCA RATON,33432,26.350425496127,-80.088306854174,Non_Exact/L,"https://www.google.com/maps/place/26.350425496127,-80.088306854174/@26.350425496127,-80.088306854174,20z/data=!3m1!1e3",https://www.google.com/maps/search/?api=1&query=100%20EAST%20PALMETTO%20PARK%20ROAD%2C%20BOCA%20RATON%2C%20FL%2033432,,,,,
32,"6020509|2010|119 N CONGRESS AVE, BOYNTON BEACH, 33426",LITTLE CAESARS PIZZA,119 N CONGRESS AVE,BOYNTON BEACH,33426,26.525079135314,-80.090504635278,Exact/R,"https://www.google.com/maps/place/26.525079135314,-80.090504635278/@26.525079135314,-80.090504635278,20z/data=!3m1!1e3",https://www.google.com/maps/search/?api=1&query=119%20N%20CONGRESS%20AVE%2C%20BOYNTON%20BEACH%2C%20FL%2033426,,,,,
33,"6020558|2010|12020 S SHORE BLVD STE 700, WELLINGTON, 33414",SUSHI MOTO,12020 S SHORE BLVD STE 700,WELLINGTON,33414,26.650289382753,-80.235873415893,Exact/L,"https://www.google.com/maps/place/26.650289382753,-80.235873415893/@26.650289382753,-80.235873415893,20z/data=!3m1!1e3",https://www.google.com/maps/search/?api=1&query=12020%20S%20SHORE%20BLVD%20STE%20700%2C%20WELLINGTON%2C%20FL%2033414,,,,,
34,"6023113|2010|4951 SEMINOLE PRATT WHITNEY RD 1000, WESTLAKE, 33470",CHIPOTLE MEXICAN GRILL STORE 5377,4951 SEMINOLE PRATT WHITNEY RD 1000,WESTLAKE,33470,26.751767598282,-80.307546331087,Non_Exact/R,"https://www.google.com/maps/place/26.751767598282,-80.307546331087/@26.751767598282,-80.307546331087,20z/data=!3m1!1e3",https://www.google.com/maps/search/?api=1&query=4951%20SEMINOLE%20PRATT%20WHITNEY%20RD%201000%2C%20WESTLAKE%2C%20FL%2033470,,,,,
35,"6013554|2010|151 N COUNTY RD, PALM BEACH, 33480",GREEN'S PHARMACY,151 N COUNTY RD,PALM BEACH,33480,26.720225200045,-80.037807139709,Exact/R,"https://www.google.com/maps/place/26.720225200045,-80.037807139709/@26.720225200045,-80.037807139709,20z/data=!3m1!1e3",https://www.google.com/maps/search/?api=1&query=151%20N%20COUNTY%20RD%2C%20PALM%20BEACH%2C%20FL%2033480,,,,,
36,"6004256|2010|1393 LYONS RD, WEST PALM BEACH, 33411",BANYAN GOLF CLUB,1393 LYONS RD,WEST PALM BEACH,33411,26.655389223299,-80.181921829442,Exact/R,"https://www.google.com/maps/place/26.655389223299,-80.181921829442/@26.655389223299,-80.181921829442,20z/data=!3m1!1e3",https://www.google.com/maps/search/?api=1&query=1393%20LYONS%20RD%2C%20WEST%20PALM%20BEACH%2C%20FL%2033411,,,,,
37,"6013195|2010|5500 N MILITARY TRL 48, JUPITER, 33458",C S V CONCEPTS IV LLC,5500 N MILITARY TRL #48,JUPITER,33458,26.884622837109,-80.103677904556,Non_Exact/R,"https://www.google.com/maps/place/26.884622837109,-80.103677904556/@26.884622837109,-80.103677904556,20z/data=!3m1!1e3",https://www.google.com/maps/search/?api=1&query=5500%20N%20MILITARY%20TRL%20%2348%2C%20JUPITER%2C%20FL%2033458,,,,,
38,"6052859|2014|7960 VENTURE CENTER WAY, BOYNTON BEACH, 33437",SWEET CRAVINGS 2,7960 VENTURE CENTER WAY,BOYNTON BEACH,33437,26.523691137973,-80.170393411903,Exact/L,"https://www.google.com/maps/place/26.523691137973,-80.170393411903/@26.523691137973,-80.170393411903,20z/data=!3m1!1e3",https://www.google.com/maps/search/?api=1&query=7960%20VENTURE%20CENTER%20WAY%2C%20BOYNTON%20BEACH%2C%20FL%2033437,,,,,
39,"6021799|2010|5970 SW 18 ST STE E4, BOCA RATON, 33433",SAIKO-I SUSHI LOUNGE & HIBACHI,5970 SW 18 ST STE E4,BOCA RATON,33433,26.331816116335,-80.136832532665,Exact/L,"https://www.google.com/maps/place/26.331816116335,-80.136832532665/@26.331816116335,-80.136832532665,20z/data=!3m1!1e3",https://www.google.com/maps/search/?api=1&query=5970%20SW%2018%20ST%20STE%20E4%2C%20BOCA%20RATON%2C%20FL%2033433,,,,,
40,"6013632|2010|5770 OKEECHOBEE BLVD, WEST PALM BEACH, 33417",BAGEL REST & MORE,5770 OKEECHOBEE BLVD,WEST PALM BEACH,33417,26.707240661347,-80.131989876397,Exact/R,"https://www.google.com/maps/place/26.707240661347,-80.131989876397/@26.707240661347,-80.131989876397,20z/data=!3m1!1e3",https://www.google.com/maps/search/?api=1&query=5770%20OKEECHOBEE%20BLVD%2C%20WEST%20PALM%20BEACH%2C%20FL%2033417,,,,,
41,"6019582|2010|601 N CONGRESS AVE 406, DELRAY BEACH, 33445",CHARLEY'S,601 N CONGRESS AVE #406,DELRAY BEACH,33445,26.469159024988,-80.093140261693,Exact/L,"https://www.google.com/maps/place/26.469159024988,-80.093140261693/@26.469159024988,-80.093140261693,20z/data=!3m1!1e3",https://www.google.com/maps/search/?api=1&query=601%20N%20CONGRESS%20AVE%20%23406%2C%20DELRAY%20BEACH%2C%20FL%2033445,,,,,
42,"6052647|2014|4556 CRESTHAVEN BLVD, WEST PALM BEACH, 33415",TAQUERIA EL RANCHITO PB,4556 CRESTHAVEN BLVD,WEST PALM BEACH,33415,26.63747191934,-80.114064377864,Exact/L,"https://www.google.com/maps/place/26.63747191934,-80.114064377864/@26.63747191934,-80.114064377864,20z/data=!3m1!1e3",https://www.google.com/maps/search/?api=1&query=4556%20CRESTHAVEN%20BLVD%2C%20WEST%20PALM%20BEACH%2C%20FL%2033415,,,,,
43,"6021513|2010|171 S SR7 STE 500, ROYAL PALM BEACH, 33414",DUNKIN DONUTS 66,171 S SR7 STE 500,ROYAL PALM BEACH,33414,26.677013193417,-80.202510173644,Non_Exact/L,"https://www.google.com/maps/place/26.677013193417,-80.202510173644/@26.677013193417,-80.202510173644,20z/data=!3m1!1e3",https://www.google.com/maps/search/?api=1&query=171%20S%20SR7%20STE%20500%2C%20ROYAL%20PALM%20BEACH%2C%20FL%2033414,,,,,
44,"6000472|2010|6849 N OCEAN BLVD, OCEAN RIDGE, 33435",OCEAN CLUB FLA RESTAURANT,6849 N OCEAN BLVD,OCEAN RIDGE,33435-3316,26.541029054739,-80.045490349877,Exact/R,"https://www.google.com/maps/place/26.541029054739,-80.045490349877/@26.541029054739,-80.045490349877,20z/data=!3m1!1e3",https://www.google.com/maps/search/?api=1&query=6849%20N%20OCEAN%20BLVD%2C%20OCEAN%20RIDGE%2C%20FL%2033435,,,,,
45,"6021186|2010|1111 LOVE ST, JUPITER, 33477",SQUARE GROUPER TIKI BAR,1111 LOVE ST,JUPITER,33477,26.94455692686,-80.081910059119,Exact/R,"https://www.google.com/maps/place/26.94455692686,-80.081910059119/@26.94455692686,-80.081910059119,20z/data=!3m1!1e3",https://www.google.com/maps/search/?api=1&query=1111%20LOVE%20ST%2C%20JUPITER%2C%20FL%2033477,,,,,
46,"6022107|2010|1065 N HIGHWAY A1A, JUPITER, 33477",PELICAN CLUB,1065 N HIGHWAY A1A,JUPITER,33477,26.943471048249,-80.082255014714,Exact/L,"https://www.google.com/maps/place/26.943471048249,-80.082255014714/@26.943471048249,-80.082255014714,20z/data=!3m1!1e3",https://www.google.com/maps/search/?api=1&query=1065%20N%20HIGHWAY%20A1A%2C%20JUPITER%2C%20FL%2033477,,,,,
47,"6022845|2010|23064 SANDALFOOT PLAZA DR, BOCA RATON, 33428",MAISON BRUNCH,23064 SANDALFOOT PLAZA DR,BOCA RATON,33428,26.33338509122,-80.201720470418,Exact/L,"https://www.google.com/maps/place/26.33338509122,-80.201720470418/@26.33338509122,-80.201720470418,20z/data=!3m1!1e3",https://www.google.com/maps/search/?api=1&query=23064%20SANDALFOOT%20PLAZA%20DR%2C%20BOCA%20RATON%2C%20FL%2033428,,,,,
48,"6020440|2010|4575 MILITARY TRL, JUPITER, 33458",CARMINE'S COAL FIRED PIZZA/CG BURGERS,4575 MILITARY TRL,JUPITER,33458,26.910944518246,-80.102388051607,Exact/L,"https://www.google.com/maps/place/26.910944518246,-80.102388051607/@26.910944518246,-80.102388051607,20z/data=!3m1!1e3",https://www.google.com/maps/search/?api=1&query=4575%20MILITARY%20TRL%2C%20JUPITER%2C%20FL%2033458,,,,,
49,"6022807|2010|351 PLAZA REAL, BOCA RATON, 33432",AMERICAN SOCIAL BOCA RATON,351 PLAZA REAL,BOCA RATON,33432,26.354548040767,-80.085970644697,Exact/R,"https://www.google.com/maps/place/26.354548040767,-80.085970644697/@26.354548040767,-80.085970644697,20z/data=!3m1!1e3",https://www.google.com/maps/search/?api=1&query=351%20PLAZA%20REAL%2C%20BOCA%20RATON%2C%20FL%2033432,,,,,
50,"6023202|2010|2665 10 AVE N, PALM SPRINGS, 33461",CHIPOTLE MEXICAN GRILL (STORE #4955),2665 10 AVE N,PALM SPRINGS,33461,26.628386854174,-80.082386713083,Exact/R,"https://www.google.com/maps/place/26.628386854174,-80.082386713083/@26.628386854174,-80.082386713083,20z/data=!3m1!1e3",https://www.google.com/maps/search/?api=1&query=2665%2010%20AVE%20N%2C%20PALM%20SPRINGS%2C%20FL%2033461,,,,,
51,"6022063|2010|6716 FOREST HILL BLVD, GREENACRES, 33413",PHO HOA,6716 FOREST HILL BLVD,GREENACRES,33413,26.651112612418,-80.148602574516,Exact/R,"https://www.google.com/maps/place/26.651112612418,-80.148602574516/@26.651112612418,-80.148602574516,20z/data=!3m1!1e3",https://www.google.com/maps/search/?api=1&query=6716%20FOREST%20HILL%20BLVD%2C%20GREENACRES%2C%20FL%2033413,,,,,
52,"6023362|2010|4800 MAIN ST SUITE R, JUPITER, 33458",MOOSE DEUCE FROZEN YOGURT,4800 MAIN ST SUITE R,JUPITER,33458,26.891196403657,-80.11796526436,Non_Exact/R,"https://www.google.com/maps/place/26.891196403657,-80.11796526436/@26.891196403657,-80.11796526436,20z/data=!3m1!1e3",https://www.google.com/maps/search/?api=1&query=4800%20MAIN%20ST%20SUITE%20R%2C%20JUPITER%2C%20FL%2033458,,,,,
53,"6052941|2014|150 NW 16 ST, BOCA RATON, 33432",NAATI DOSA,150 NW 16 ST,BOCA RATON,33432,26.364549614415,-80.088537414391,Exact/L,"https://www.google.com/maps/place/26.364549614415,-80.088537414391/@26.364549614415,-80.088537414391,20z/data=!3m1!1e3",https://www.google.com/maps/search/?api=1&query=150%20NW%2016%20ST%2C%20BOCA%20RATON%2C%20FL%2033432,,,,,
54,"6000486|2010|133 DR MARTIN LUTHER KING JR BLVD, BELLE GLADE, 33430",DIXIE FRIED CHICKEN,133  DR MARTIN LUTHER KING JR BLVD,BELLE GLADE,33430,26.6825569,-80.6696935,google:ROOFTOP,"https://www.google.com/maps/place/26.6825569,-80.6696935/@26.6825569,-80.6696935,20z/data=!3m1!1e3",https://www.google.com/maps/search/?api=1&query=133%20%20DR%20MARTIN%20LUTHER%20KING%20JR%20BLVD%2C%20BELLE%20GLADE%2C%20FL%2033430,,,,,
55,"6013968|2013|17950 MILITARY TRIAL, BOCA RATON, 33496",CEK CATERERS,17950 MILITARY TRIAL,BOCA RATON,33496,26.410812149318,-80.121610954351,Non_Exact/L,"https://www.google.com/maps/place/26.410812149318,-80.121610954351/@26.410812149318,-80.121610954351,20z/data=!3m1!1e3",https://www.google.com/maps/search/?api=1&query=17950%20MILITARY%20TRIAL%2C%20BOCA%20RATON%2C%20FL%2033496,,,,,
56,"6019280|2010|4285 W ATLANTIC AVE, DELRAY BEACH, 33445",LA BAMBA MEXICAN & SPANISH RESTAURANT,4285 W ATLANTIC AVE,DELRAY BEACH,33445,26.457901187828,-80.10966009895,Exact/L,"https://www.google.com/maps/place/26.457901187828,-80.10966009895/@26.457901187828,-80.10966009895,20z/data=!3m1!1e3",https://www.google.com/maps/search/?api=1&query=4285%20W%20ATLANTIC%20AVE%2C%20DELRAY%20BEACH%2C%20FL%2033445,,,,,
57,"6004781|2010|175 N FEDERAL HWY, BOCA RATON, 33432",BURGER KING #89,175 N  FEDERAL HWY,BOCA RATON,33432,26.352088673273,-80.086496540351,Exact/L,"https://www.google.com/maps/place/26.352088673273,-80.086496540351/@26.352088673273,-80.086496540351,20z/data=!3m1!1e3",https://www.google.com/maps/search/?api=1&query=175%20N%20%20FEDERAL%20HWY%2C%20BOCA%20RATON%2C%20FL%2033432,,,,,
58,"6021277|2010|1821 S FEDERAL HWY BLDG 200 202, DELRAY BEACH, 33483",EINSTEIN BROS BAGELS,1821 S FEDERAL HWY BLDG 200 #202,DELRAY BEACH,33483,26.439314064801,-80.071395682886,Exact/L,"https://www.google.com/maps/place/26.439314064801,-80.071395682886/@26.439314064801,-80.071395682886,20z/data=!3m1!1e3",https://www.google.com/maps/search/?api=1&query=1821%20S%20FEDERAL%20HWY%20BLDG%20200%20%23202%2C%20DELRAY%20BEACH%2C%20FL%2033483,,,,,
59,"6052856|2014|8480 OKEECHOBEE BLVD, WEST PALM BEACH, 33411",ROYAL ISLAND RESTAURANT,8480 OKEECHOBEE BLVD,WEST PALM BEACH,33411,26.708680459072,-80.180054667452,Exact/L,"https://www.google.com/maps/place/26.708680459072,-80.180054667452/@26.708680459072,-80.180054667452,20z/data=!3m1!1e3",https://www.google.com/maps/search/?api=1&query=8480%20OKEECHOBEE%20BLVD%2C%20WEST%20PALM%20BEACH%2C%20FL%2033411,,,,,
60,"6022431|2010|8858 ATLANTIC AVE BLDG A, DELRAY BEACH, 33446",DUNKIN',8858 ATLANTIC AVE BLDG A,DELRAY BEACH,33446,26.453592846079,-80.183622970251,Non_Exact/R,"https://www.google.com/maps/place/26.453592846079,-80.183622970251/@26.453592846079,-80.183622970251,20z/data=!3m1!1e3",https://www.google.com/maps/search/?api=1&query=8858%20ATLANTIC%20AVE%20BLDG%20A%2C%20DELRAY%20BEACH%2C%20FL%2033446,,,,,
61,"6007289|2010|809 LAKE AVE, LAKE WORTH, 33460",HACHI,809 LAKE AVE,LAKE WORTH,33460,26.615830461372,-80.056476500482,Exact/L,"https://www.google.com/maps/place/26.615830461372,-80.056476500482/@26.615830461372,-80.056476500482,20z/data=!3m1!1e3",https://www.google.com/maps/search/?api=1&query=809%20LAKE%20AVE%2C%20LAKE%20WORTH%2C%20FL%2033460,,,,,
62,"6010211|2010|2588 PGA BLVD, PALM BEACH GARDENS, 33410",FLAMINGO CAFE,2588 PGA BLVD,PALM BEACH GARDENS,33410-2902,26.844670173925,-80.074748263563,Exact/L,"https://www.google.com/maps/place/26.844670173925,-80.074748263563/@26.844670173925,-80.074748263563,20z/data=!3m1!1e3",https://www.google.com/maps/search/?api=1&query=2588%20PGA%20BLVD%2C%20PALM%20BEACH%20GARDENS%2C%20FL%2033410,,,,,
63,"6019972|2010|975 GATEWAY BLVD 113, BOYNTON BEACH, 33426",FIREHOUSE SUBS,975 GATEWAY BLVD #113,BOYNTON BEACH,33426,26.550725224258,-80.074486453945,Exact/L,"https://www.google.com/maps/place/26.550725224258,-80.074486453945/@26.550725224258,-80.074486453945,20z/data=!3m1!1e3",https://www.google.com/maps/search/?api=1&query=975%20GATEWAY%20BLVD%20%23113%2C%20BOYNTON%20BEACH%2C%20FL%2033426,,,,,
64,"6052182|2014|3650 CLUB PL, BOCA RATON, 33496",COUNTRY CLUB AT WOODFIELD INC,3650 CLUB PL,BOCA RATON,33496,26.401219450101,-80.15951412326,Exact/R,"https://www.google.com/maps/place/26.401219450101,-80.15951412326/@26.401219450101,-80.15951412326,20z/data=!3m1!1e3",https://www.google.com/maps/search/?api=1&query=3650%20CLUB%20PL%2C%20BOCA%20RATON%2C%20FL%2033496,,,,,
65,"6019177|2010|9704 CLINT MOORE RD A-102, BOCA RATON, 33496",IT'S ALL GREEK,9704 CLINT MOORE RD A-102,BOCA RATON,33496,26.408659884214,-80.197930863705,Non_Exact/R,"https://www.google.com/maps/place/26.408659884214,-80.197930863705/@26.408659884214,-80.197930863705,20z/data=!3m1!1e3",https://www.google.com/maps/search/?api=1&query=9704%20CLINT%20MOORE%20RD%20A-102%2C%20BOCA%20RATON%2C%20FL%2033496,,,,,
66,"6052007|2014|5283 LAKE WORTH RD, GREENACRES, 33463",EL REY DEL TACO,5283 LAKE WORTH RD,GREENACRES,33463,26.619024581228,-80.126251525716,Exact/L,"https://www.google.com/maps/place/26.619024581228,-80.126251525716/@26.619024581228,-80.126251525716,20z/data=!3m1!1e3",https://www.google.com/maps/search/?api=1&query=5283%20LAKE%20WORTH%20RD%2C%20GREENACRES%2C%20FL%2033463,,,,,
67,"6007021|2010|1336 S MILITARY TRL, WEST PALM BEACH, 33415",DOMINO'S PIZZA,1336 S MILITARY TRL,WEST PALM BEACH,33415,26.657888496028,-80.112419191526,Exact/L,"https://www.google.com/maps/place/26.657888496028,-80.112419191526/@26.657888496028,-80.112419191526,20z/data=!3m1!1e3",https://www.google.com/maps/search/?api=1&query=1336%20S%20MILITARY%20TRL%2C%20WEST%20PALM%20BEACH%2C%20FL%2033415,,,,,
68,"6022313|2010|7100 FAIRWAY DR STE 61A, WEST PALM BEACH, 33418",CUCINA ITALIANA RISTORANTE PIZZA VINO,7100 FAIRWAY DR STE 61A,WEST PALM BEACH,33418,26.836680713105,-80.133672550324,Exact/L,"https://www.google.com/maps/place/26.836680713105,-80.133672550324/@26.836680713105,-80.133672550324,20z/data=!3m1!1e3",https://www.google.com/maps/search/?api=1&query=7100%20FAIRWAY%20DR%20STE%2061A%2C%20WEST%20PALM%20BEACH%2C%20FL%2033418,,,,,
69,"6008428|2010|2711 N OCEAN BLVD, BOCA RATON, 33431",YACHT & RACQUET CLUB OF BOCA RATON,2711 N OCEAN BLVD,BOCA RATON,33431,26.375289231562,-80.067940298235,Exact/L,"https://www.google.com/maps/place/26.375289231562,-80.067940298235/@26.375289231562,-80.067940298235,20z/data=!3m1!1e3",https://www.google.com/maps/search/?api=1&query=2711%20N%20OCEAN%20BLVD%2C%20BOCA%20RATON%2C%20FL%2033431,,,,,
70,"6023254|2010|5301 N FEDERAL HWY CAFE GROUND FLR, BOCA RATON, 33487",PANACHE BISTRO & CAFE,5301 N FEDERAL HWY CAFE GROUND FLR,BOCA RATON,33487,26.39584888948,-80.076518053516,Non_Exact/L,"https://www.google.com/maps/place/26.39584888948,-80.076518053516/@26.39584888948,-80.076518053516,20z/data=!3m1!1e3",https://www.google.com/maps/search/?api=1&query=5301%20N%20FEDERAL%20HWY%20CAFE%20GROUND%20FLR%2C%20BOCA%20RATON%2C%20FL%2033487,,,,,
71,"6052781|2014|16651 REMBRANDT BLVD, LOXAHATCHEE, 33470",ALOHA,16651  REMBRANDT BLVD,LOXAHATCHEE,33470,26.685696665744,-80.308611184065,Exact/L,"https://www.google.com/maps/place/26.685696665744,-80.308611184065/@26.685696665744,-80.308611184065,20z/data=!3m1!1e3",https://www.google.com/maps/search/?api=1&query=16651%20%20REMBRANDT%20BLVD%2C%20LOXAHATCHEE%2C%20FL%2033470,,,,,
72,"6019919|2010|4625 PGA BLVD, PALM BEACH GARDENS, 33418",J ALEXANDER'S RESTAURANT,4625 PGA BLVD,PALM BEACH GARDENS,33418,26.838363594958,-80.107841957542,Exact/R,"https://www.google.com/maps/place/26.838363594958,-80.107841957542/@26.838363594958,-80.107841957542,20z/data=!3m1!1e3",https://www.google.com/maps/search/?api=1&query=4625%20PGA%20BLVD%2C%20PALM%20BEACH%20GARDENS%2C%20FL%2033418,,,,,
73,"6019279|2010|112 NE 2 ST, BOCA RATON, 33432",SIX TABLES A RESTAURANT,112 NE 2 ST,BOCA RATON,33432,26.352297869358,-80.085133123702,Exact/R,"https://www.google.com/maps/place/26.352297869358,-80.085133123702/@26.352297869358,-80.085133123702,20z/data=!3m1!1e3",https://www.google.com/maps/search/?api=1&query=112%20NE%202%20ST%2C%20BOCA%20RATON%2C%20FL%2033432,,,,,
74,"6021556|2010|250 S STATE RD 7 STE 300, ROYAL PALM BEACH, 33414",BLAZE PIZZA,250 S STATE RD 7 STE 300,ROYAL PALM BEACH,33414,26.675473995061,-80.202450943272,Non_Exact/R,"https://www.google.com/maps/place/26.675473995061,-80.202450943272/@26.675473995061,-80.202450943272,20z/data=!3m1!1e3",https://www.google.com/maps/search/?api=1&query=250%20S%20STATE%20RD%207%20STE%20300%2C%20ROYAL%20PALM%20BEACH%2C%20FL%2033414,,,,,
75,"6012861|2010|501 E ATLANTIC AVE, DELRAY BEACH, 33483",MUSSEL BEACH RESTAURANT,501 E ATLANTIC AVE,DELRAY BEACH,33483,26.461717432846,-80.067987836752,Exact/L,"https://www.google.com/maps/place/26.461717432846,-80.067987836752/@26.461717432846,-80.067987836752,20z/data=!3m1!1e3",https://www.google.com/maps/search/?api=1&query=501%20E%20ATLANTIC%20AVE%2C%20DELRAY%20BEACH%2C%20FL%2033483,,,,,
76,"6009728|2010|2529 OKECHOBEE BLVD, WEST PALM BEACH, 33409",CHECKER'S #6272,2529 OKECHOBEE BLVD,WEST PALM BEACH,33409,26.706569084137,-80.090991047403,Non_Exact/R,"https://www.google.com/maps/place/26.706569084137,-80.090991047403/@26.706569084137,-80.090991047403,20z/data=!3m1!1e3",https://www.google.com/maps/search/?api=1&query=2529%20OKECHOBEE%20BLVD%2C%20WEST%20PALM%20BEACH%2C%20FL%2033409,,,,,
77,"6011118|2010|1693 FORUM PLACE, WEST PALM BEACH, 33401",SUBWAY#1662,1693 FORUM PLACE,WEST PALM BEACH,33401,26.72591015221,-80.084027440836,Exact/R,"https://www.google.com/maps/place/26.72591015221,-80.084027440836/@26.72591015221,-80.084027440836,20z/data=!3m1!1e3",https://www.google.com/maps/search/?api=1&query=1693%20FORUM%20PLACE%2C%20WEST%20PALM%20BEACH%2C%20FL%2033401,,,,,
78,"6019313|2010|7117 LAKE WORTH RD, LAKE WORTH, 33467",GOURMET DELI HOUSE,7117 LAKE WORTH RD,LAKE WORTH,33467,26.617669081474,-80.159501386604,Exact/R,"https://www.google.com/maps/place/26.617669081474,-80.159501386604/@26.617669081474,-80.159501386604,20z/data=!3m1!1e3",https://www.google.com/maps/search/?api=1&query=7117%20LAKE%20WORTH%20RD%2C%20LAKE%20WORTH%2C%20FL%2033467,,,,,
79,"6013391|2010|444 24 ST, WEST PALM BEACH, 33407",THIS IS IT CAFE,444 24 ST,WEST PALM BEACH,33407,26.735556141284,-80.05375109062,Exact/L,"https://www.google.com/maps/place/26.735556141284,-80.05375109062/@26.735556141284,-80.05375109062,20z/data=!3m1!1e3",https://www.google.com/maps/search/?api=1&query=444%2024%20ST%2C%20WEST%20PALM%20BEACH%2C%20FL%2033407,,,,,
80,"6022486|2010|701 S ROSEMARY AVE SUITE A12B, WEST PALM BEACH, 33401",SWEETGREEN,701 S ROSEMARY AVE SUITE A12B,WEST PALM BEACH,33401,26.707381252456,-80.057249017174,Exact/R,"https://www.google.com/maps/place/26.707381252456,-80.057249017174/@26.707381252456,-80.057249017174,20z/data=!3m1!1e3",https://www.google.com/maps/search/?api=1&query=701%20S%20ROSEMARY%20AVE%20SUITE%20A12B%2C%20WEST%20PALM%20BEACH%2C%20FL%2033401,,,,,
81,"6012712|2010|3200 AIRPORT RD, BOCA RATON, 33431",CINEMARK PALACE 20,3200  AIRPORT RD.,BOCA RATON,33431,26.373179287698,-80.116112656564,Exact/R,"https://www.google.com/maps/place/26.373179287698,-80.116112656564/@26.373179287698,-80.116112656564,20z/data=!3m1!1e3",https://www.google.com/maps/search/?api=1&query=3200%20%20AIRPORT%20RD.%2C%20BOCA%20RATON%2C%20FL%2033431,,,,,
82,"6011942|2010|7008 CHARLESTON SHORES BLVD, LAKE WORTH, 33467",FIORELLAS,7008 CHARLESTON SHORES BLVD,LAKE WORTH,33467,26.56470503978,-80.154419479379,Exact/L,"https://www.google.com/maps/place/26.56470503978,-80.154419479379/@26.56470503978,-80.154419479379,20z/data=!3m1!1e3",https://www.google.com/maps/search/?api=1&query=7008%20CHARLESTON%20SHORES%20BLVD%2C%20LAKE%20WORTH%2C%20FL%2033467,,,,,
83,"6023236|2010|70 ROYAL POINCIANA WAY P120, PALM BEACH, 33480",TUTTO MARE,70 ROYAL POINCIANA WAY #P120,PALM BEACH,33480,26.717662228043,-80.042828100207,Non_Exact/R,"https://www.google.com/maps/place/26.717662228043,-80.042828100207/@26.717662228043,-80.042828100207,20z/data=!3m1!1e3",https://www.google.com/maps/search/?api=1&query=70%20ROYAL%20POINCIANA%20WAY%20%23P120%2C%20PALM%20BEACH%2C%20FL%2033480,,,,,
84,"6023331|2010|1510 N SAPODILLA AVE, WEST PALM BEACH, 33401",SOUSE HOUSE OF THE PALM BEACHES,1510 N SAPODILLA AVE,WEST PALM BEACH,33401,26.726540633941,-80.058244920864,Exact/R,"https://www.google.com/maps/place/26.726540633941,-80.058244920864/@26.726540633941,-80.058244920864,20z/data=!3m1!1e3",https://www.google.com/maps/search/?api=1&query=1510%20N%20SAPODILLA%20AVE%2C%20WEST%20PALM%20BEACH%2C%20FL%2033401,,,,,
85,"6021809|2010|110 MAC FARLANE DR, DELRAY BEACH, 33483",SEAGATE YACHT CLUB,110 MAC FARLANE DR,DELRAY BEACH,33483,26.459575760584,-80.062879029374,Non_Exact/R,"https://www.google.com/maps/place/26.459575760584,-80.062879029374/@26.459575760584,-80.062879029374,20z/data=!3m1!1e3",https://www.google.com/maps/search/?api=1&query=110%20MAC%20FARLANE%20DR%2C%20DELRAY%20BEACH%2C%20FL%2033483,,,,,
86,"6019984|2010|1449 S CONGRESS AVE 26, DELRAY BEACH, 33445",LITTLE CAESARS,1449 S CONGRESS AVE #26,DELRAY BEACH,33445,26.442409742024,-80.092306691753,Exact/R,"https://www.google.com/maps/place/26.442409742024,-80.092306691753/@26.442409742024,-80.092306691753,20z/data=!3m1!1e3",https://www.google.com/maps/search/?api=1&query=1449%20S%20CONGRESS%20AVE%20%2326%2C%20DELRAY%20BEACH%2C%20FL%2033445,,,,,
87,"6023156|2010|9858 CLINT MOORE RD C-108, BOCA RATON, 34996",PAPA JOHN'S PIZZA #5487,9858 CLINT MOORE RD #C-108,BOCA RATON,34996,26.408652751007,-80.200848372095,Non_Exact/R,"https://www.google.com/maps/place/26.408652751007,-80.200848372095/@26.408652751007,-80.200848372095,20z/data=!3m1!1e3",https://www.google.com/maps/search/?api=1&query=9858%20CLINT%20MOORE%20RD%20%23C-108%2C%20BOCA%20RATON%2C%20FL%2034996,,,,,
88,"6022610|2010|600 N CONGRESS AVE 160, DELRAY BEACH, 33445",DELRAY BEACH KITCHEN 2,600 N CONGRESS AVE 160,DELRAY BEACH,33445,26.470892109309,-80.092647094038,Exact/R,"https://www.google.com/maps/place/26.470892109309,-80.092647094038/@26.470892109309,-80.092647094038,20z/data=!3m1!1e3",https://www.google.com/maps/search/?api=1&query=600%20N%20CONGRESS%20AVE%20160%2C%20DELRAY%20BEACH%2C%20FL%2033445,,,,,
89,"6009962|2010|7030 W PALMETTO PARK RD, BOCA RATON, 33433",MCDONALD'S #12020,7030 W PALMETTO PARK RD,BOCA RATON,33433,26.350262919129,-80.156264222798,Exact/R,"https://www.google.com/maps/place/26.350262919129,-80.156264222798/@26.350262919129,-80.156264222798,20z/data=!3m1!1e3",https://www.google.com/maps/search/?api=1&query=7030%20W%20PALMETTO%20PARK%20RD%2C%20BOCA%20RATON%2C%20FL%2033433,,,,,
90,"6021711|2010|5560 MILITARY TRL STE 312, BOCA RATON, 33496",KILWINS BOCA RATON,5560 MILITARY TRL STE 312,BOCA RATON,33496,26.399194332844,-80.121306949372,Non_Exact/L,"https://www.google.com/maps/place/26.399194332844,-80.121306949372/@26.399194332844,-80.121306949372,20z/data=!3m1!1e3",https://www.google.com/maps/search/?api=1&query=5560%20MILITARY%20TRL%20STE%20312%2C%20BOCA%20RATON%2C%20FL%2033496,,,,,
91,"6000112|2010|2425 MAYA PALM DR, BOCA RATON, 33432",YACHT CLUB RESTAURANT,2425 MAYA PALM DR,BOCA RATON,33432,26.3260489,-80.0881457,google:ROOFTOP,"https://www.google.com/maps/place/26.3260489,-80.0881457/@26.3260489,-80.0881457,20z/data=!3m1!1e3",https://www.google.com/maps/search/?api=1&query=2425%20MAYA%20PALM%20DR%2C%20BOCA%20RATON%2C%20FL%2033432,,,,,
92,"6023260|2010|508 CLEMATIS ST, WEST PALM BEACH, 33401",ARYA TEA BAR,508 CLEMATIS ST,WEST PALM BEACH,33401,26.713355854312,-80.055479224858,Exact/L,"https://www.google.com/maps/place/26.713355854312,-80.055479224858/@26.713355854312,-80.055479224858,20z/data=!3m1!1e3",https://www.google.com/maps/search/?api=1&query=508%20CLEMATIS%20ST%2C%20WEST%20PALM%20BEACH%2C%20FL%2033401,,,,,
93,"6022929|2010|700 S ROSEMARY AVE STE 124, WEST PALM BEACH, 33401",IL BELLAGIO,700 S ROSEMARY AVE STE 124,WEST PALM BEACH,33401,26.707378611456,-80.05712077426,Exact/L,"https://www.google.com/maps/place/26.707378611456,-80.05712077426/@26.707378611456,-80.05712077426,20z/data=!3m1!1e3",https://www.google.com/maps/search/?api=1&query=700%20S%20ROSEMARY%20AVE%20STE%20124%2C%20WEST%20PALM%20BEACH%2C%20FL%2033401,,,,,
94,"6052886|2014|1400 10 ST STE A, LAKE PARK, 33403",WORLDS GREATEST- THE HOT DOG GUY,1400 10 ST STE A,LAKE PARK,33403,26.804754320222,-80.074705099826,Non_Exact/L,"https://www.google.com/maps/place/26.804754320222,-80.074705099826/@26.804754320222,-80.074705099826,20z/data=!3m1!1e3",https://www.google.com/maps/search/?api=1&query=1400%2010%20ST%20STE%20A%2C%20LAKE%20PARK%2C%20FL%2033403,,,,,
95,"6022514|2010|9982 GLADES RD STE G-1, BOCA RATON, 33434",HUEY MAGOO'S CHICKEN TENDERS,9982 GLADES RD STE G-1,BOCA RATON,33434,26.367815077281,-80.203018577795,Exact/R,"https://www.google.com/maps/place/26.367815077281,-80.203018577795/@26.367815077281,-80.203018577795,20z/data=!3m1!1e3",https://www.google.com/maps/search/?api=1&query=9982%20GLADES%20RD%20STE%20G-1%2C%20BOCA%20RATON%2C%20FL%2033434,,,,,
96,"6021542|2010|2450 QUANTUM BLVD, BOYNTON BEACH, 33426",TOWNEPLACE SUITES BOYNTON BEACH,2450 QUANTUM BLVD,BOYNTON BEACH,33426,26.549064819943,-80.087398095898,Exact/R,"https://www.google.com/maps/place/26.549064819943,-80.087398095898/@26.549064819943,-80.087398095898,20z/data=!3m1!1e3",https://www.google.com/maps/search/?api=1&query=2450%20QUANTUM%20BLVD%2C%20BOYNTON%20BEACH%2C%20FL%2033426,,,,,
97,"6022855|2010|3974 LAKE WORTH RD, LAKE WORTH, 33461",NATY ICE CREAM,3974  LAKE WORTH RD,LAKE WORTH,33461,26.617947405548,-80.104624437219,Exact/L,"https://www.google.com/maps/place/26.617947405548,-80.104624437219/@26.617947405548,-80.104624437219,20z/data=!3m1!1e3",https://www.google.com/maps/search/?api=1&query=3974%20%20LAKE%20WORTH%20RD%2C%20LAKE%20WORTH%2C%20FL%2033461,,,,,
98,"6052899|2014|1025 N FLORIDA MANGO RD 4, WEST PALM BEACH, 33409",OCEAN CATCH AND MORE,1025 N FLORIDA MANGO RD #4,WEST PALM BEACH,33409,26.704482852074,-80.078430705227,Exact/L,"https://www.google.com/maps/place/26.704482852074,-80.078430705227/@26.704482852074,-80.078430705227,20z/data=!3m1!1e3",https://www.google.com/maps/search/?api=1&query=1025%20N%20FLORIDA%20MANGO%20RD%20%234%2C%20WEST%20PALM%20BEACH%2C%20FL%2033409,,,,,
99,"6007997|2010|2003 LION COUNTRY SAFARI RD, LOXAHATCHEE, 33470",FOOD TRUCK,2003 LION COUNTRY SAFARI RD,LOXAHATCHEE,33470,26.70820549319,-80.322417969768,Exact/L,"https://www.google.com/maps/place/26.70820549319,-80.322417969768/@26.70820549319,-80.322417969768,20z/data=!3m1!1e3",https://www.google.com/maps/search/?api=1&query=2003%20LION%20COUNTRY%20SAFARI%20RD%2C%20LOXAHATCHEE%2C%20FL%2033470,,,,,
100,"6020394|2010|701 N CONGRESS AVE UNIT 7, BOYNTON BEACH, 33426",CASA LINDA RESTAURANTE,701 N CONGRESS AVE UNIT 7,BOYNTON BEACH,33426,26.534342008365,-80.090675482705,Exact/R,"https://www.google.com/maps/place/26.534342008365,-80.090675482705/@26.534342008365,-80.090675482705,20z/data=!3m1!1e3",https://www.google.com/maps/search/?api=1&query=701%20N%20CONGRESS%20AVE%20UNIT%207%2C%20BOYNTON%20BEACH%2C%20FL%2033426,,,,,
